Genotype;Type;Allele;SeedQuality;CCM;HGW;DW;PH;FM;FT  EMMeans;BBCH
ASSYST-078;WOSR;AA;0.53568691;11.402068;0.4134225;0.1382322;11.02998;1.734687;215;13.71031
ASSYST-120;WOSR;X;0.43190938;11.039446;0.4597391;0.1788310;12.03554;2.281715;210;13.61054
ASSYST-145;WOSR;AA;0.33121810;11.290260;0.3422125;0.1658878;11.98416;2.115481;210;13.78960
ASSYST-210;EX;AA;0.08818911;11.628707;0.4122155;0.1300380;11.88141;2.072969;235;13.70900
ASSYST-211;EX;X;-0.15631156;13.109415;0.3426651;0.1962438;11.11806;2.250736;233;13.46285
ASSYST-219;EX;X;-0.18212745;10.646605;0.3889817;0.2327455;12.57869;3.514838;224;13.93859
ASSYST-271;SOSR;AA;-0.21144224;11.686122;0.4349967;0.1844392;13.26864;2.872016;90.8;14.10537
ASSYST-273;SOSR;AA;-0.24567435;12.000395;0.2741708;0.0824805;12.94568;1.214443;101;13.15806
ASSYST-290;SOSR;AA;-0.26373312;12.353952;0.2805072;0.1510823;11.15476;1.889769;87;13.84701
ASSYST-419;SWE;X;-0.36578568;11.483658;0.2767925;0.2108274;13.02642;3.023857;240;14.12637
ASSYST-424;SWE;CC;-0.38996641;8.407412;0.3630323;0.1848836;11.83737;2.873446;244;13.49204
ASSYST-427;SWE;X;-0.43434919;10.465294;0.3331604;0.1005200;11.74929;1.515773;243;13.49204
